{
    "step": 0,
    "acc": 0.680327868852459,
    "loss": 1.732555956136985,
    "training_time": 18.223151922225952,
    "val_acc": 0.6797385620915033,
    "val_loss": 0.6003010382060132
}